ASSIST,FF,FR,Fg,Fga,Fumbles,INT,Name,PA,Pass Att,Pass Cmp,Pass Ints,Pass Tds,Pass Yds,Points,Position,Rec Tds,Rec Yds,Recs,Rush Att,Rush Tds,Rush Yds,SACK,SAFETY,TD,Team,Xpt,YDS AGN,Flex
,,,,,4.0,,Aaron Rodgers,,604.1,392.8,8.1,35.6,4428.8,343.6,QB,,,,60.1,2.5,332.3,,,,GB,,,False
,,,,,2.9,,Tom Brady,,597.1,390.6,8.0,35.4,4691.5,321.7,QB,,,,35.1,1.4,62.3,,,,NE,,,False
,,,,,3.4,,Drew Brees,,646.3,439.6,14.7,33.6,4925.1,305.8,QB,,,,22.8,1.2,33.0,,,,NO,,,False
,,,,,2.9,,Russell Wilson,,533.0,343.2,11.4,26.8,4090.9,293.3,QB,,,,82.5,2.1,386.5,,,,SEA,,,False
,,,,,3.0,,Matt Ryan,,560.5,377.5,10.9,32.6,4655.0,303.0,QB,,,,34.3,0.7,100.3,,,,ATL,,,False
,,,,,3.8,,Marcus Mariota,,517.6,320.9,12.1,26.5,3823.4,271.8,QB,,,,58.7,2.1,323.8,,,,TEN,,,False
,,,,,4.2,,Kirk Cousins,,593.2,386.1,13.2,25.1,4524.6,269.7,QB,,,,32.8,2.4,87.1,,,,WAS,,,False
,,,,,3.5,,Jameis Winston,,573.3,356.1,16.3,28.3,4293.7,279.4,QB,,,,51.3,2.6,186.0,,,,TB,,,False
,,,,,4.1,,Cam Newton,,528.8,306.2,13.5,24.4,3775.5,282.8,QB,,,,84.6,4.9,403.5,,,,CAR,,,False
,,,,,2.6,,Ben Roethlisberger,,553.8,361.7,14.2,29.5,4262.1,262.6,QB,,,,22.1,0.6,39.6,,,,PIT,,,False
,,,,,3.4,,Derek Carr,,592.6,365.7,11.0,28.6,4121.9,262.4,QB,,,,35.4,0.5,86.5,,,,OAK,,,False
,,,,,3.5,,Dak Prescott,,492.5,318.1,9.1,24.7,3746.6,271.9,QB,,,,58.3,3.4,282.1,,,,DAL,,,False
,,,,,4.3,,Philip Rivers,,584.7,363.5,15.9,30.6,4336.6,260.5,QB,,,,16.7,0.2,39.0,,,,LAC,,,False
,,,,,2.9,,Matthew Stafford,,586.9,380.1,12.2,25.5,4185.9,265.8,QB,,,,37.4,1.8,157.9,,,,DET,,,False
,,,,,3.5,,Andrew Luck,,504.2,310.3,13.8,26.1,3674.3,255.4,QB,,,,55.6,1.9,273.0,,,,IND,,,False
,,,,,3.4,,Andy Dalton,,541.0,347.1,10.9,24.2,4010.5,260.3,QB,,,,48.3,2.5,161.7,,,,CIN,,,False
,,,,,4.2,,Eli Manning,,595.6,370.6,15.4,27.7,4192.8,243.5,QB,,,,18.9,0.2,29.6,,,,NYG,,,False
,,,,,3.7,,Carson Palmer,,584.6,360.6,15.2,25.6,4172.2,236.5,QB,,,,16.4,0.3,35.0,,,,ARI,,,False
,,,,,3.3,,Carson Wentz,,584.4,356.8,14.2,22.6,3914.6,239.7,QB,,,,47.0,1.9,165.3,,,,PHI,,,False
,,,,,3.1,,Tyrod Taylor,,431.7,266.2,8.5,19.0,3020.8,251.5,QB,,,,89.2,4.2,527.7,,,,BUF,,,False
,,,,,3.5,,Jay Cutler,,469.1,294.8,14.2,21.8,3395.0,206.9,QB,,,,32.2,1.0,128.3,,,,MIA,,,False
,,,,,3.5,,Sam Bradford,,547.2,361.6,10.2,22.1,3824.1,220.1,QB,,,,21.6,0.2,48.0,,,,MIN,,,False
,,,,,3.0,,Joe Flacco,,621.1,390.1,15.5,22.1,4081.2,229.7,QB,,,,23.4,1.7,51.6,,,,BAL,,,False
,,,,,3.6,,Alex Smith,,491.7,319.5,9.4,19.5,3449.0,225.6,QB,,,,54.0,2.3,214.8,,,,KC,,,False
,,,,,4.0,,Blake Bortles,,497.1,291.4,13.7,20.3,3246.5,214.5,QB,,,,48.8,1.8,277.2,,,,JAC,,,False
,,,,,3.8,,Brian Hoyer,,480.7,291.9,12.7,18.1,3286.3,179.0,QB,,,,28.7,0.4,60.0,,,,SF,,,False
,,,,,2.5,,DeShone Kizer,,436.2,258.0,12.9,14.3,2887.6,175.2,QB,,,,55.7,1.5,241.6,,,,CLE,,,False
,,,,,2.8,,Trevor Siemian,,485.7,291.3,12.5,18.1,3324.7,185.4,QB,,,,26.7,0.6,69.5,,,,DEN,,,False
,,,,,3.3,,Jared Goff,,524.8,304.3,15.7,17.8,3351.7,179.7,QB,,,,25.1,0.9,68.3,,,,LAR,,,False
,,,,,2.1,,Deshaun Watson,,317.7,186.7,9.5,11.3,2063.0,129.8,QB,,,,38.3,1.4,168.2,,,,HOU,,,False
,,,,,0.6,,Mitch Trubisky,,127.3,75.5,3.8,5.0,858.7,50.6,QB,,,,10.3,0.2,38.3,,,,CHI,,,False
,,,,,1.4,,Tom Savage,,237.0,138.6,6.2,8.4,1494.7,85.3,QB,,,,15.0,0.3,50.6,,,,HOU,,,False
,,,,,2.8,,Mike Glennon,,399.7,243.2,12.7,16.9,2804.2,161.1,QB,,,,26.6,0.6,89.6,,,,CHI,,,False
,,,,,0.0,,Jimmy Garoppolo,,16.9,10.4,0.1,0.7,122.9,7.8,QB,,,,0.9,0.0,1.9,,,,NE,,,False
,,,,,2.3,,Josh McCown,,392.5,228.4,12.2,13.0,2548.2,140.7,QB,,,,28.8,0.9,105.1,,,,NYJ,,,False
,,,,,0.2,,Chad Henne,,79.9,47.1,2.7,3.0,529.5,29.9,QB,,,,6.8,0.1,21.9,,,,JAC,,,False
,,,,,1.7,,Cody Kessler,,98.1,60.0,2.7,3.5,657.1,34.1,QB,,,,6.7,0.2,14.3,,,,CLE,,,False
,,,,,,,Robert Griffin,,,,,,,,QB,,,,,,,,,,FA,,,False
,,,,,0.1,,Patrick Mahomes,,39.7,24.0,1.1,1.4,264.7,15.8,QB,,,,3.8,0.1,14.7,,,,KC,,,False
,,,,,0.6,,Paxton Lynch,,83.5,49.1,2.3,2.8,566.2,30.6,QB,,,,7.8,0.0,21.2,,,,DEN,,,False
,,,,,3.1,,David Johnson,,,,,,,315.6,RB,3.9,741.9,75.5,281.5,11.5,1172.9,,,,ARI,,,True
,,,,,2.2,,Le'Veon Bell,,,,,,,301.8,RB,2.4,627.4,76.8,293.4,9.4,1343.1,,,,PIT,,,True
,,,,,1.1,,LeSean McCoy,,,,,,,247.2,RB,1.8,366.3,47.4,252.1,9.3,1225.5,,,,BUF,,,True
,,,,,3.7,,Melvin Gordon,,,,,,,225.6,RB,1.9,400.8,46.7,272.8,8.1,1094.9,,,,LAC,,,True
,,,,,1.8,,Devonta Freeman,,,,,,,236.6,RB,2.7,484.5,55.4,217.3,8.7,958.8,,,,ATL,,,True
,,,,,1.3,,Jay Ajayi,,,,,,,219.7,RB,1.3,254.7,36.1,266.1,8.5,1198.6,,,,MIA,,,True
,,,,,1.8,,DeMarco Murray,,,,,,,213.9,RB,2.1,319.6,44.3,246.6,7.4,1065.7,,,,TEN,,,True
,,,,,1.6,,Jordan Howard,,,,,,,224.4,RB,1.6,318.1,36.3,270.6,7.0,1256.6,,,,CHI,,,True
,,,,,1.4,,Todd Gurley,,,,,,,205.1,RB,1.0,304.4,39.5,273.6,8.0,1040.7,,,,LAR,,,True
,,,,,0.9,,Ezekiel Elliott,,,,,,,180.1,RB,1.0,248.6,26.3,197.5,7.1,954.2,,,,DAL,,,True
,,,,,1.6,,Isaiah Crowell,,,,,,,177.5,RB,0.6,293.5,36.8,214.7,6.0,930.4,,,,CLE,,,True
,,,,,1.7,,Kareem Hunt,,,,,,,179.5,RB,1.2,297.1,36.7,208.0,6.9,861.2,,,,KC,,,True
,,,,,1.8,,Leonard Fournette,,,,,,,186.4,RB,1.2,227.6,30.4,236.0,7.0,1027.9,,,,JAC,,,True
,,,,,1.6,,Dalvin Cook,,,,,,,177.1,RB,1.6,301.8,38.3,195.3,6.6,823.1,,,,MIN,,,True
,,,,,5.6,,Carlos Hyde,,,,,,,165.6,RB,1.3,193.0,28.4,229.5,6.3,976.0,,,,SF,,,True
,,,,,1.6,,Lamar Miller,,,,,,,194.3,RB,1.4,262.4,36.0,262.1,6.4,1063.4,,,,HOU,,,True
,,,,,1.2,,Marshawn Lynch,,,,,,,176.7,RB,1.1,240.1,32.1,200.1,8.1,839.0,,,,OAK,,,True
,,,,,1.6,,Christian McCaffrey,,,,,,,174.8,RB,2.3,429.6,49.6,155.1,4.6,689.0,,,,CAR,,,True
,,,,,1.5,,Ty Montgomery,,,,,,,171.6,RB,1.6,352.8,43.8,162.7,5.2,765.9,,,,GB,,,True
,,,,,1.5,,Joe Mixon,,,,,,,164.2,RB,1.0,277.4,35.0,187.5,6.3,781.3,,,,CIN,,,True
,,,,,2.5,,Mark Ingram,,,,,,,170.9,RB,2.2,318.0,42.2,168.0,5.4,771.5,,,,NO,,,True
,,,,,1.2,,Bilal Powell,,,,,,,170.3,RB,1.8,376.6,51.9,159.8,4.3,725.6,,,,NYJ,,,True
,,,,,1.8,,C.J. Anderson,,,,,,,148.4,RB,1.0,227.8,29.3,183.9,5.1,781.2,,,,DEN,,,True
,,,,,1.9,,Ameer Abdullah,,,,,,,153.8,RB,2.0,288.8,34.1,172.8,4.5,726.4,,,,DET,,,True
,,,,,1.3,,Tevin Coleman,,,,,,,153.6,RB,2.6,364.4,35.6,128.3,5.1,561.3,,,,ATL,,,True
,,,,,1.0,,Danny Woodhead,,,,,,,141.1,RB,2.9,472.2,58.4,84.0,2.3,355.1,,,,BAL,,,True
,,,,,2.0,,Frank Gore,,,,,,,149.7,RB,1.6,232.2,29.8,199.8,4.8,771.2,,,,IND,,,True
,,,,,3.4,,Doug Martin,,,,,,,125.4,RB,0.8,166.5,20.9,178.9,4.9,710.2,,,,TB,,,True
,,,,,1.4,,Mike Gillislee,,,,,,,125.9,RB,0.4,101.8,13.4,147.3,6.7,693.4,,,,NE,,,True
,,,,,1.0,,Terrance West,,,,,,,143.9,RB,1.1,224.7,31.7,180.6,4.8,725.3,,,,BAL,,,True
,,,,,4.9,,Adrian Peterson,,,,,,,118.0,RB,0.6,151.6,22.7,151.0,5.8,629.8,,,,NO,,,True
,,,,,1.5,,Paul Perkins,,,,,,,137.8,RB,1.0,218.8,25.4,192.3,3.7,784.0,,,,NYG,,,True
,,,,,1.5,,Robert Kelley,,,,,,,132.4,RB,0.6,124.6,16.3,185.8,5.7,768.6,,,,WAS,,,True
,,,,,0.9,,Theo Riddick,,,,,,,139.0,RB,3.2,482.4,60.6,80.0,2.0,311.0,,,,DET,,,True
,,,,,1.4,,Duke Johnson,,,,,,,131.7,RB,1.7,491.8,56.9,83.9,1.9,353.7,,,,CLE,,,True
,,,,,1.2,,Derrick Henry,,,,,,,111.0,RB,0.8,144.8,15.9,140.5,4.3,605.8,,,,TEN,,,True
,,,,,3.4,,Jonathan Stewart,,,,,,,115.4,RB,0.5,90.0,11.8,174.3,5.4,715.0,,,,CAR,,,True
,,,,,1.4,,James White,,,,,,,116.8,RB,3.1,406.5,48.3,58.9,2.0,246.1,,,,NE,,,True
,,,,,1.9,,LeGarrette Blount,,,,,,,101.8,RB,0.2,53.7,8.3,154.6,5.4,625.6,,,,PHI,,,True
,,,,,1.2,,Darren Sproles,,,,,,,121.3,RB,1.8,373.5,48.2,84.9,2.3,376.6,,,,PHI,,,True
,,,,,1.7,,Matt Forte,,,,,,,117.5,RB,1.2,221.7,27.4,141.8,3.4,578.8,,,,NYJ,,,True
,,,,,1.1,,Eddie Lacy,,,,,,,127.4,RB,0.9,154.4,19.3,163.5,4.7,711.0,,,,SEA,,,True
,,,,,0.9,,Thomas Rawls,,,,,,,89.9,RB,0.3,103.3,13.5,119.4,4.0,489.1,,,,SEA,,,True
,,,,,2.9,,Darren McFadden,,,,,,,100.1,RB,0.3,160.0,20.3,123.0,4.1,531.6,,,,DAL,,,True
,,,,,1.6,,Rex Burkhead,,,,,,,84.1,RB,0.9,149.6,18.2,92.3,3.0,393.6,,,,NE,,,True
,,,,,1.0,,C.J. Prosise,,,,,,,95.8,RB,1.3,352.4,36.9,54.5,1.9,250.5,,,,SEA,,,True
,,,,,1.3,,Jacquizz Rodgers,,,,,,,78.0,RB,0.2,114.6,16.0,107.3,2.4,456.1,,,,TB,,,True
,,,,,1.3,,Jeremy Hill,,,,,,,79.2,RB,0.2,83.4,11.2,112.8,3.8,440.6,,,,CIN,,,True
,,,,,1.7,,Samaje Perine,,,,,,,78.2,RB,0.2,106.4,13.4,105.1,3.4,424.3,,,,WAS,,,True
,,,,,3.5,,Shane Vereen,,,,,,,92.5,RB,1.6,317.3,40.1,66.7,1.5,288.1,,,,NYG,,,True
,,,,,4.7,,Jamaal Charles,,,,,,,90.8,RB,1.0,201.8,25.4,99.0,2.9,439.9,,,,DEN,,,True
,,,,,1.5,,Chris Thompson,,,,,,,107.7,RB,2.0,362.5,47.7,59.2,1.8,278.4,,,,WAS,,,True
,,,,,1.6,,Jamaal Williams,,,,,,,84.5,RB,0.3,96.9,12.9,111.4,3.7,473.2,,,,GB,,,True
,,,,,1.9,,Giovani Bernard,,,,,,,106.4,RB,1.4,301.0,35.2,98.8,2.3,404.4,,,,CIN,,,True
,,,,,1.5,,Alvin Kamara,,,,,,,74.2,RB,1.0,239.0,29.7,51.1,1.9,216.7,,,,NO,,,True
,,,,,2.4,,Latavius Murray,,,,,,,78.9,RB,0.2,112.4,16.2,107.3,3.4,425.4,,,,MIN,,,True
,,,,,2.1,,DeAndre Washington,,,,,,,80.6,RB,0.5,137.3,18.9,94.6,2.4,439.0,,,,OAK,,,True
,,,,,1.3,,Marlon Mack,,,,,,,65.8,RB,0.6,150.1,19.3,69.9,2.0,280.5,,,,IND,,,True
,,,,,1.3,,D'Onta Foreman,,,,,,,61.8,RB,0.2,102.7,14.3,80.5,2.3,320.1,,,,HOU,,,True
,,,,,2.4,,Wendell Smallwood,,,,,,,67.2,RB,0.5,107.9,14.7,90.7,2.3,372.2,,,,PHI,,,True
,,,,,2.6,,Charles Sims,,,,,,,88.3,RB,1.7,291.1,33.1,74.9,1.4,291.9,,,,TB,,,True
,,,,,1.8,,Charcandrick West,,,,,,,69.7,RB,0.7,129.0,16.4,87.1,2.4,339.5,,,,KC,,,True
,,,,,0.0,,Jonathan Williams,,,,,,,16.9,RB,0.0,35.0,5.0,20.0,0.5,79.0,,,,DEN,,,True
,,,,,0.0,,Kyle Juszczyk,,,,,,,52.2,RB,1.5,224.7,28.6,11.3,0.3,45.1,,,,SF,,,True
,,,,,1.9,,Matt Breida,,,,,,,74.1,RB,0.7,143.9,19.0,87.1,2.4,357.5,,,,SF,,,True
,,,,,1.2,,Jalen Richard,,,,,,,74.4,RB,1.0,180.6,24.3,63.9,1.6,309.0,,,,OAK,,,True
,,,,,0.9,,James Conner,,,,,,,46.8,RB,0.2,75.1,9.8,56.4,2.1,229.0,,,,PIT,,,True
,,,,,1.1,,Chris Carson,,,,,,,39.0,RB,0.3,88.8,10.9,41.1,1.3,170.8,,,,SEA,,,True
,,,,,1.1,,Mike Tolbert,,,,,,,56.0,RB,0.7,85.7,11.8,64.8,2.3,259.2,,,,BUF,,,True
,,,,,0.1,,De'Angelo Henderson,,,,,,,22.3,RB,0.0,48.4,5.0,30.1,0.5,117.0,,,,DEN,,,True
,,,,,3.4,,Devontae Booker,,,,,,,47.8,RB,0.5,116.1,14.6,64.7,1.2,250.7,,,,DEN,,,True
,,,,,3.7,,Dion Lewis,,,,,,,82.4,RB,1.2,195.7,25.5,82.4,2.3,362.4,,,,NE,,,True
,,,,,1.5,,T.J. Yeldon,,,,,,,73.2,RB,0.9,225.7,32.1,64.8,1.3,246.6,,,,JAC,,,True
,,,,,1.1,,Robert Turbin,,,,,,,78.9,RB,1.2,169.9,23.4,74.1,2.8,286.7,,,,IND,,,True
,,,,,1.9,,Tarik Cohen,,,,,,,63.8,RB,0.6,142.9,17.7,69.2,1.9,300.6,,,,CHI,,,True
,,,,,1.3,,Jerick McKinnon,,,,,,,56.9,RB,0.9,170.2,24.5,50.9,0.8,202.8,,,,MIN,,,True
,,,,,1.9,,Branden Oliver,,,,,,,51.2,RB,0.4,113.4,13.8,65.7,1.5,251.4,,,,LAC,,,True
,,,,,0.3,,Zach Zenner,,,,,,,42.8,RB,0.1,102.8,12.1,43.9,1.7,165.9,,,,DET,,,True
,,,,,1.5,,Orleans Darkwa,,,,,,,37.5,RB,0.2,59.5,8.5,52.0,1.5,200.0,,,,NYG,,,True
,,,,,1.5,,Kerwynn Williams,,,,,,,45.0,RB,0.2,69.4,9.2,52.9,1.7,251.4,,,,ARI,,,True
,,,,,4.8,,Chris Ivory,,,,,,,33.4,RB,0.1,75.6,9.8,54.4,1.5,214.4,,,,JAC,,,True
,,,,,0.0,,Tim Hightower,,,,,,,0.0,RB,0.0,64.5,7.6,29.2,0.6,125.8,,,,FA,,,True
,,,,,1.7,,Damien Williams,,,,,,,60.9,RB,1.5,160.1,18.4,54.9,1.6,207.9,,,,MIA,,,True
,,,,,1.5,,Javorius Allen,,,,,,,40.7,RB,0.3,89.7,12.7,54.1,1.0,209.1,,,,BAL,,,True
,,,,,1.3,,Alfred Morris,,,,,,,45.6,RB,0.2,43.3,7.0,68.1,1.8,282.1,,,,DAL,,,True
,,,,,1.3,,Kenyan Drake,,,,,,,31.3,RB,0.2,70.2,9.6,34.7,1.0,149.5,,,,MIA,,,True
,,,,,1.8,,Wayne Gallman,,,,,,,29.7,RB,0.1,64.9,8.4,42.0,1.0,162.8,,,,NYG,,,True
,,,,,,,Matt Jones,,,,,,,,RB,,,,,,,,,,FA,,,True
,,,,,1.7,,Alfred Blue,,,,,,,33.1,RB,0.2,64.6,9.8,46.7,0.9,185.1,,,,HOU,,,True
,,,,,,,Chris Johnson,,,,,,,,RB,,,,,,,,,,ARI,,,True
,,,,,0.2,,Benny Cunningham,,,,,,,25.0,RB,0.1,66.8,8.6,23.9,0.6,102.8,,,,CHI,,,True
,,,,,0.1,,Andre Ellington,,,,,,,38.8,RB,0.4,122.5,15.0,30.3,0.8,123.6,,,,ARI,,,True
,,,,,0.8,,Malcolm Brown,,,,,,,28.5,RB,0.1,69.7,9.2,34.4,0.9,128.9,,,,LAR,,,True
,,,,,0.1,,Aaron Jones,,,,,,,24.6,RB,0.1,45.0,5.7,29.1,0.9,116.6,,,,GB,,,True
,,,,,0.0,,Ryan Mathews,,,,,,,20.4,RB,0.0,22.0,3.0,25.0,1.0,107.0,,,,FA,,,True
,,,,,2.0,,Kenjon Barner,,,,,,,39.9,RB,0.7,109.0,14.0,46.0,1.0,158.0,,,,FA,,,True
,,,,,1.5,,Donnel Pumphrey,,,,,,,36.9,RB,0.2,77.6,10.4,50.6,1.0,203.8,,,,PHI,,,True
,,,,,,,Jeremy McNichols,,,,,,,,RB,,,,,,,,,,SF,,,True
,,,,,0.1,,Dwayne Washington,,,,,,,13.4,RB,0.0,23.8,3.6,19.3,0.4,71.2,,,,DET,,,True
,,,,,0.2,,Shaun Draughn,,,,,,,13.2,RB,0.3,47.4,5.8,9.7,0.2,26.5,,,,FA,,,True
,,,,,0.8,,Antonio Brown,,,,,,,260.0,WR,10.1,1433.7,111.7,3.2,0.0,17.8,,,,PIT,,,True
,,,,,0.4,,Julio Jones,,,,,,,257.1,WR,9.3,1523.1,100.1,0.0,0.0,0.3,,,,ATL,,,True
,,,,,1.0,,Odell Beckham Jr.,,,,,,,237.3,WR,9.6,1325.5,97.1,0.5,0.0,3.3,,,,NYG,,,True
,,,,,0.3,,Mike Evans,,,,,,,229.1,WR,9.3,1289.0,90.0,0.0,0.0,0.0,,,,TB,,,True
,,,,,0.5,,A.J. Green,,,,,,,218.1,WR,8.0,1264.5,89.7,0.0,0.0,0.0,,,,CIN,,,True
,,,,,1.3,,Jordy Nelson,,,,,,,228.2,WR,10.6,1219.0,90.6,0.0,0.0,0.0,,,,GB,,,True
,,,,,0.3,,Michael Thomas,,,,,,,220.3,WR,8.6,1209.9,96.4,0.0,0.0,0.0,,,,NO,,,True
,,,,,1.6,,Dez Bryant,,,,,,,192.6,WR,8.8,1070.9,72.3,0.0,0.0,0.0,,,,DAL,,,True
,,,,,0.2,,Doug Baldwin,,,,,,,204.2,WR,8.2,1094.3,87.3,2.7,0.2,15.2,,,,SEA,,,True
,,,,,0.4,,Amari Cooper,,,,,,,200.0,WR,6.9,1159.0,83.9,2.0,0.0,10.7,,,,OAK,,,True
,,,,,0.3,,Brandin Cooks,,,,,,,196.0,WR,7.3,1100.0,80.0,3.8,0.1,21.6,,,,NE,,,True
,,,,,0.3,,T.Y. Hilton,,,,,,,204.4,WR,6.6,1243.3,82.3,0.0,0.0,0.0,,,,IND,,,True
,,,,,2.8,,Demaryius Thomas,,,,,,,184.5,WR,6.3,1092.9,86.1,0.0,0.0,0.3,,,,DEN,,,True
,,,,,0.3,,DeAndre Hopkins,,,,,,,185.4,WR,5.9,1095.2,82.6,0.0,0.0,0.0,,,,HOU,,,True
,,,,,3.1,,Keenan Allen,,,,,,,168.4,WR,6.0,971.7,82.4,0.1,0.0,1.2,,,,LAC,,,True
,,,,,0.3,,Alshon Jeffery,,,,,,,177.1,WR,6.1,1032.1,74.9,0.3,0.0,2.7,,,,PHI,,,True
,,,,,0.3,,Michael Crabtree,,,,,,,183.9,WR,7.3,985.2,84.1,0.0,0.0,0.0,,,,OAK,,,True
,,,,,0.4,,Terrelle Pryor,,,,,,,170.7,WR,5.6,1012.0,70.7,2.2,0.0,12.6,,,,WAS,,,True
,,,,,1.0,,Davante Adams,,,,,,,170.0,WR,7.5,912.3,71.4,0.4,0.0,2.1,,,,GB,,,True
,,,,,1.5,,Golden Tate,,,,,,,176.7,WR,5.3,996.8,88.4,6.8,0.1,32.6,,,,DET,,,True
,,,,,1.6,,Larry Fitzgerald,,,,,,,178.4,WR,6.0,991.6,92.4,0.2,0.0,0.4,,,,ARI,,,True
,,,,,1.5,,Tyreek Hill,,,,,,,167.1,WR,5.2,777.8,71.4,26.6,1.4,167.6,,,,KC,,,True
,,,,,0.9,,Martavis Bryant,,,,,,,152.2,WR,6.0,864.7,59.0,2.3,0.1,14.0,,,,PIT,,,True
,,,,,0.7,,Emmanuel Sanders,,,,,,,171.4,WR,5.4,1020.5,75.5,0.7,0.0,3.6,,,,DEN,,,True
,,,,,0.3,,Stefon Diggs,,,,,,,171.5,WR,5.0,977.8,86.0,2.1,0.0,13.6,,,,MIN,,,True
,,,,,1.4,,Kelvin Benjamin,,,,,,,167.6,WR,6.6,965.9,68.1,0.0,0.0,-0.2,,,,CAR,,,True
,,,,,0.3,,Sammy Watkins,,,,,,,162.5,WR,5.6,968.1,65.7,0.1,0.0,-0.1,,,,LAR,,,True
,,,,,1.5,,Jamison Crowder,,,,,,,158.2,WR,5.2,915.9,74.4,2.5,0.0,11.8,,,,WAS,,,True
,,,,,2.1,,Jarvis Landry,,,,,,,165.3,WR,4.9,959.1,84.1,3.3,0.0,17.2,,,,MIA,,,True
,,,,,0.4,,Pierre Garcon,,,,,,,154.5,WR,4.4,915.1,74.4,0.0,0.0,0.0,,,,SF,,,True
,,,,,0.3,,Devante Parker,,,,,,,150.6,WR,5.4,872.7,63.4,0.0,0.0,0.0,,,,MIA,,,True
,,,,,0.8,,Brandon Marshall,,,,,,,149.9,WR,5.9,834.9,65.1,0.0,0.0,0.0,,,,NYG,,,True
,,,,,0.3,,Jeremy Maclin,,,,,,,147.4,WR,4.3,857.4,71.6,1.0,0.0,6.1,,,,BAL,,,True
,,,,,0.4,,DeSean Jackson,,,,,,,139.7,WR,4.6,851.7,54.0,0.7,0.0,4.3,,,,TB,,,True
,,,,,0.5,,Tyrell Williams,,,,,,,135.6,WR,5.1,793.4,53.1,0.0,0.0,0.0,,,,LAC,,,True
,,,,,0.3,,Donte Moncrief,,,,,,,140.4,WR,5.7,744.3,61.9,2.0,0.0,10.7,,,,IND,,,True
,,,,,0.7,,Eric Decker,,,,,,,142.0,WR,5.9,784.2,59.3,0.0,0.0,0.0,,,,TEN,,,True
,,,,,1.3,,Kenny Britt,,,,,,,140.2,WR,4.9,828.3,61.0,0.3,0.0,1.0,,,,CLE,,,True
,,,,,0.3,,Randall Cobb,,,,,,,153.2,WR,5.6,796.7,71.9,5.3,0.1,36.0,,,,GB,,,True
,,,,,0.6,,Willie Snead,,,,,,,135.2,WR,4.5,787.6,60.9,0.0,0.0,0.0,,,,NO,,,True
,,,,,1.2,,Adam Thielen,,,,,,,137.6,WR,4.4,800.3,63.8,2.4,0.0,12.7,,,,MIN,,,True
,,,,,0.2,,Mike Wallace,,,,,,,146.2,WR,4.5,844.6,66.4,2.5,0.0,16.8,,,,BAL,,,True
,,,,,1.1,,Chris Hogan,,,,,,,134.3,WR,4.9,794.4,52.7,2.1,0.0,13.3,,,,NE,,,True
,,,,,0.3,,Jordan Matthews,,,,,,,143.0,WR,5.1,795.6,66.4,0.3,0.0,2.0,,,,BUF,,,True
,,,,,0.3,,Corey Coleman,,,,,,,128.2,WR,4.0,731.7,59.1,3.3,0.0,19.4,,,,CLE,,,True
,,,,,0.4,,John Brown,,,,,,,124.1,WR,4.1,727.6,52.6,1.6,0.0,9.7,,,,ARI,,,True
,,,,,1.9,,Ted Ginn,,,,,,,129.2,WR,5.0,739.1,52.6,4.1,0.1,24.4,,,,NO,,,True
,,,,,0.2,,Marvin Jones,,,,,,,129.9,WR,4.7,756.2,53.0,0.6,0.0,1.1,,,,DET,,,True
,,,,,1.5,,Rishard Matthews,,,,,,,134.7,WR,5.3,784.3,55.0,0.1,0.0,0.9,,,,TEN,,,True
,,,,,0.6,,Corey Davis,,,,,,,119.2,WR,4.4,686.5,50.8,0.0,0.0,0.0,,,,TEN,,,True
,,,,,0.5,,Zay Jones,,,,,,,122.9,WR,4.2,708.0,55.6,0.0,0.0,0.0,,,,BUF,,,True
,,,,,1.6,,Robby Anderson,,,,,,,119.2,WR,3.6,724.6,53.3,2.3,0.0,17.2,,,,NYJ,,,True
,,,,,0.4,,Sterling Shepard,,,,,,,124.8,WR,4.8,668.3,57.7,2.0,0.0,11.1,,,,NYG,,,True
,,,,,0.8,,Cole Beasley,,,,,,,126.6,WR,3.9,720.9,64.7,0.5,0.0,1.4,,,,DAL,,,True
,,,,,0.4,,Tyler Lockett,,,,,,,119.4,WR,3.7,684.7,49.4,3.8,0.2,38.2,,,,SEA,,,True
,,,,,0.6,,Josh Doctson,,,,,,,86.6,WR,3.0,516.1,36.6,0.0,0.0,0.0,,,,WAS,,,True
,,,,,0.6,,Cooper Kupp,,,,,,,78.6,WR,2.1,473.5,39.8,0.0,0.0,0.0,,,,LAR,,,True
,,,,,0.4,,Kenny Golladay,,,,,,,101.1,WR,3.9,559.9,44.6,0.0,0.0,0.0,,,,DET,,,True
,,,,,0.3,,Kenny Stills,,,,,,,110.6,WR,4.7,631.1,39.5,0.0,0.0,0.0,,,,MIA,,,True
,,,,,0.4,,Kendall Wright,,,,,,,113.4,WR,3.3,668.9,53.3,1.1,0.0,6.1,,,,CHI,,,True
,,,,,0.4,,Devin Funchess,,,,,,,101.1,WR,4.3,569.2,38.2,0.0,0.0,0.0,,,,CAR,,,True
,,,,,0.3,,Torrey Smith,,,,,,,106.8,WR,3.8,625.7,43.7,0.1,0.0,1.4,,,,PHI,,,True
,,,,,1.0,,Marqise Lee,,,,,,,101.6,WR,2.9,593.9,47.8,4.4,0.1,25.9,,,,JAC,,,True
,,,,,0.2,,Breshad Perriman,,,,,,,107.0,WR,3.4,636.9,45.6,0.9,0.0,4.9,,,,BAL,,,True
,,,,,0.6,,John Ross,,,,,,,77.6,WR,2.6,442.9,35.1,2.0,0.0,10.6,,,,CIN,,,True
,,,,,1.1,,Mohamed Sanu,,,,,,,116.0,WR,4.6,624.0,53.5,1.6,0.1,9.3,,,,ATL,,,True
,,,,,0.6,,Robert Woods,,,,,,,84.0,WR,2.7,488.5,40.2,0.0,0.0,0.4,,,,LAR,,,True
,,,,,0.4,,Taylor Gabriel,,,,,,,104.0,WR,4.1,575.7,39.6,2.9,0.1,22.6,,,,ATL,,,True
,,,,,1.5,,J.J. Nelson,,,,,,,89.0,WR,4.0,505.5,30.9,2.1,0.1,14.2,,,,ARI,,,True
,,,,,2.1,,Danny Amendola,,,,,,,69.0,WR,2.8,381.2,35.1,0.7,0.0,4.6,,,,NE,,,True
,,,,,0.2,,Paul Richardson,,,,,,,84.4,WR,2.9,490.1,35.9,0.7,0.0,3.1,,,,SEA,,,True
,,,,,0.5,,Nelson Agholor,,,,,,,76.7,WR,2.2,436.9,38.3,2.7,0.1,14.4,,,,PHI,,,True
,,,,,1.6,,Tavon Austin,,,,,,,85.5,WR,2.2,388.5,38.2,19.5,0.8,126.8,,,,LAR,,,True
,,,,,,,Jeremy Kerley,,,,,,,,WR,,,,,,,,,,NYJ,,,True
,,,,,0.6,,Mike Williams,,,,,,,55.8,WR,2.0,324.7,24.5,0.0,0.0,0.0,,,,LAC,,,True
,,,,,0.4,,Chris Conley,,,,,,,91.9,WR,2.7,538.6,44.8,0.0,0.0,0.0,,,,KC,,,True
,,,,,0.5,,Allen Hurns,,,,,,,106.6,WR,4.0,603.9,46.3,0.3,0.0,1.7,,,,JAC,,,True
,,,,,0.4,,Marquise Goodwin,,,,,,,97.4,WR,3.2,582.0,40.4,0.6,0.0,3.9,,,,SF,,,True
,,,,,0.3,,Jermaine Kearse,,,,,,,84.5,WR,2.6,501.9,38.5,0.0,0.0,0.0,,,,NYJ,,,True
,,,,,0.4,,Jaron Brown,,,,,,,57.1,WR,2.0,333.9,24.9,0.0,0.0,0.0,,,,ARI,,,True
,,,,,0.6,,Laquon Treadwell,,,,,,,70.9,WR,2.4,403.7,34.2,0.3,0.0,1.0,,,,MIN,,,True
,,,,,0.3,,Malcolm Mitchell,,,,,,,58.5,WR,2.1,334.3,26.6,0.0,0.0,0.1,,,,NE,,,True
,,,,,0.2,,Will Fuller,,,,,,,60.9,WR,1.9,356.3,27.5,0.5,0.0,3.3,,,,HOU,,,True
,,,,,3.4,,Travis Benjamin,,,,,,,68.1,WR,2.4,440.1,31.5,1.3,0.0,6.2,,,,LAC,,,True
,,,,,1.2,,Terrance Williams,,,,,,,90.1,WR,3.0,550.2,38.8,0.0,0.0,0.0,,,,DAL,,,True
,,,,,0.6,,ArDarius Stewart,,,,,,,69.0,WR,2.2,412.5,31.8,0.3,0.0,1.0,,,,NYJ,,,True
,,,,,0.6,,Curtis Samuel,,,,,,,75.6,WR,2.5,381.0,29.6,12.7,0.4,65.2,,,,CAR,,,True
,,,,,0.3,,Brandon LaFell,,,,,,,88.7,WR,2.9,519.8,39.5,0.3,0.0,0.4,,,,CIN,,,True
,,,,,1.4,,Tyler Boyd,,,,,,,76.5,WR,2.2,454.9,38.8,1.6,0.0,11.2,,,,CIN,,,True
,,,,,0.4,,Eli Rogers,,,,,,,68.4,WR,2.5,384.6,30.3,0.5,0.0,3.3,,,,PIT,,,True
,,,,,0.3,,Braxton Miller,,,,,,,59.7,WR,1.9,318.5,29.2,3.6,0.1,21.4,,,,HOU,,,True
,,,,,0.3,,Seth Roberts,,,,,,,78.5,WR,3.5,414.8,33.5,0.0,0.0,0.2,,,,OAK,,,True
,,,,,0.7,,Dede Westbrook,,,,,,,49.1,WR,1.7,291.1,22.9,0.0,0.0,0.0,,,,JAC,,,True
,,,,,0.3,,Brandon Coleman,,,,,,,62.7,WR,2.2,358.2,28.0,0.0,0.0,0.0,,,,NO,,,True
,,,,,0.4,,Albert Wilson,,,,,,,64.7,WR,1.9,359.8,33.0,1.5,0.1,12.0,,,,KC,,,True
,,,,,0.0,,Carlos Henderson,,,,,,,12.4,WR,0.0,89.0,7.0,0.0,0.0,0.0,,,,DEN,,,True
,,,,,0.6,,Taywan Taylor,,,,,,,46.8,WR,1.7,271.7,21.2,0.0,0.0,0.0,,,,TEN,,,True
,,,,,0.4,,Kamar Aiken,,,,,,,55.7,WR,2.0,318.5,24.9,0.0,0.0,0.0,,,,IND,,,True
,,,,,0.3,,JuJu Smith-Schuster,,,,,,,44.6,WR,1.4,266.7,20.7,0.0,0.0,0.0,,,,PIT,,,True
,,,,,0.3,,Chester Rogers,,,,,,,57.1,WR,2.0,332.9,25.0,0.0,0.0,0.0,,,,IND,,,True
,,,,,0.3,,Rob Gronkowski,,,,,,,198.5,TE,9.6,1054.2,72.6,,,,,,,NE,,,True
,,,,,0.7,,Travis Kelce,,,,,,,178.1,TE,5.7,1040.6,82.6,,,,,,,KC,,,True
,,,,,0.3,,Greg Olsen,,,,,,,172.8,TE,5.6,1006.9,77.6,,,,,,,CAR,,,True
,,,,,2.4,,Jordan Reed,,,,,,,158.7,TE,6.7,845.0,77.1,,,,,,,WAS,,,True
,,,,,1.9,,Jimmy Graham,,,,,,,150.0,TE,6.6,819.7,64.5,,,,,,,SEA,,,True
,,,,,0.3,,Kyle Rudolph,,,,,,,148.2,TE,5.8,760.8,75.8,,,,,,,MIN,,,True
,,,,,0.3,,Tyler Eifert,,,,,,,138.4,TE,6.4,721.7,57.1,,,,,,,CIN,,,True
,,,,,0.4,,Zach Ertz,,,,,,,144.8,TE,4.8,792.4,74.7,,,,,,,PHI,,,True
,,,,,0.3,,Delanie Walker,,,,,,,135.6,TE,5.4,733.5,61.5,,,,,,,TEN,,,True
,,,,,0.3,,Martellus Bennett,,,,,,,134.2,TE,6.2,669.9,61.1,,,,,,,GB,,,True
,,,,,0.2,,Eric Ebron,,,,,,,128.5,TE,4.2,720.5,63.5,,,,,,,DET,,,True
,,,,,1.4,,Hunter Henry,,,,,,,121.6,TE,6.2,624.7,50.0,,,,,,,LAC,,,True
,,,,,1.4,,Jack Doyle,,,,,,,118.6,TE,5.1,609.0,60.2,,,,,,,IND,,,True
,,,,,0.3,,Coby Fleener,,,,,,,116.7,TE,4.5,634.0,53.2,,,,,,,NO,,,True
,,,,,1.7,,Jason Witten,,,,,,,114.8,TE,3.8,633.5,64.1,,,,,,,DAL,,,True
,,,,,0.2,,Austin Hooper,,,,,,,105.4,TE,5.1,531.4,43.7,,,,,,,ATL,,,True
,,,,,0.5,,C.J. Fiedorowicz,,,,,,,101.5,TE,3.7,540.9,52.0,,,,,,,HOU,,,True
,,,,,0.3,,Cameron Brate,,,,,,,102.6,TE,4.4,533.5,46.4,,,,,,,TB,,,True
,,,,,0.3,,Julius Thomas,,,,,,,98.7,TE,4.8,478.2,45.8,,,,,,,MIA,,,True
,,,,,1.6,,Antonio Gates,,,,,,,92.4,TE,4.5,468.4,43.0,,,,,,,LAC,,,True
,,,,,0.3,,Charles Clay,,,,,,,108.0,TE,4.1,567.9,54.6,,,,,,,BUF,,,True
,,,,,0.5,,Evan Engram,,,,,,,92.5,TE,3.3,497.7,47.2,,,,,,,NYG,,,True
,,,,,0.5,,O.J. Howard,,,,,,,77.3,TE,3.2,401.5,37.8,,,,,,,TB,,,True
,,,,,2.0,,Jared Cook,,,,,,,101.1,TE,4.0,565.7,48.9,,,,,,,OAK,,,True
,,,,,0.4,,Zach Miller,,,,,,,85.3,TE,3.4,450.0,41.5,,,,,,,CHI,,,True
,,,,,0.3,,Austin Seferian-Jenkins,,,,,,,71.8,TE,2.4,407.2,34.4,,,,,,,NYJ,,,True
,,,,,0.2,,Vance McDonald,,,,,,,65.7,TE,3.0,342.2,27.3,,,,,,,PIT,,,True
,,,,,0.4,,Jermaine Gresham,,,,,,,81.0,TE,3.1,429.0,40.1,,,,,,,ARI,,,True
,,,,,0.3,,Tyler Higbee,,,,,,,67.9,TE,2.9,338.8,34.5,,,,,,,LAR,,,True
,,,,,0.2,,Maxx Williams,,,,,,,41.5,TE,1.4,219.4,22.8,,,,,,,BAL,,,True
,,,,,0.1,,Dwayne Allen,,,,,,,57.4,TE,3.2,268.7,23.2,,,,,,,NE,,,True
,,,,,0.5,,David Njoku,,,,,,,84.2,TE,2.8,460.0,44.4,,,,,,,CLE,,,True
,,,,,1.1,,Benjamin Watson,,,,,,,64.8,TE,2.3,354.2,35.3,,,,,,,BAL,,,True
,,,,,0.6,,George Kittle,,,,,,,62.6,TE,2.5,331.6,31.4,,,,,,,SF,,,True
,,,,,0.2,,Jesse James,,,,,,,61.2,TE,2.3,315.7,32.3,,,,,,,PIT,,,True
,,,,,0.4,,Vernon Davis,,,,,,,59.2,TE,2.2,334.4,27.3,,,,,,,WAS,,,True
,,,,,0.4,,Gerald Everett,,,,,,,45.2,TE,1.4,255.7,24.3,,,,,,,LAR,,,True
,,,,,0.4,,Marcedes Lewis,,,,,,,48.4,TE,1.5,265.4,27.0,,,,,,,JAC,,,True
,,,,,2.5,,A.J. Derby,,,,,,,46.3,TE,1.8,269.1,27.0,,,,,,,DEN,,,True
,,,,,1.1,,Ryan Griffin,,,,,,,53.8,TE,1.7,303.0,30.8,,,,,,,HOU,,,True
,,,,,0.1,,Dion Sims,,,,,,,33.9,TE,1.4,170.3,17.5,,,,,,,CHI,,,True
,,,,,0.2,,Nick Boyle,,,,,,,35.1,TE,1.0,188.2,21.8,,,,,,,BAL,,,True
,,,,,,,Ladarius Green,,,,,,,,TE,,,,,,,,,,FA,,,True
,,,,,0.3,,Seth DeValve,,,,,,,44.1,TE,2.0,216.8,21.8,,,,,,,CLE,,,True
,,,,,0.4,,Virgil Green,,,,,,,49.7,TE,1.7,278.7,25.1,,,,,,,DEN,,,True
,,,,,0.6,,Adam Shaheen,,,,,,,46.4,TE,1.8,250.4,24.1,,,,,,,CHI,,,True
,,,,,0.0,,Gary Barnidge,,,,,,,34.3,TE,1.0,193.0,18.0,,,,,,,FA,,,True
,,,,,0.3,,Lance Kendricks,,,,,,,23.8,TE,1.1,119.9,12.1,,,,,,,GB,,,True
,,,,,0.3,,Trey Burton,,,,,,,44.3,TE,1.8,224.1,23.4,,,,,,,PHI,,,True
,,,,,1.1,,Garrett Celek,,,,,,,49.1,TE,2.0,273.8,24.3,,,,,,,SF,,,True
,,,,,0.4,,Mychal Rivera,,,,,,,26.5,TE,1.0,141.0,15.0,,,,,,,JAC,,,True
,,,,,0.3,,Clive Walford,,,,,,,45.0,TE,1.8,238.0,21.9,,,,,,,OAK,,,True
,,,,,0.3,,Josh Hill,,,,,,,41.9,TE,1.5,223.3,22.7,,,,,,,NO,,,True
,,,,,0.2,,Luke Willson,,,,,,,27.4,TE,1.0,150.6,14.0,,,,,,,SEA,,,True
,,,,,0.1,,Ben Koyack,,,,,,,32.1,TE,1.2,170.3,16.7,,,,,,,JAC,,,True
,,,,,0.3,,Will Tye,,,,,,,27.6,TE,0.6,163.9,16.4,,,,,,,NYJ,,,True
,,,,,0.1,,Brandon Williams,,,,,,,13.1,TE,0.5,68.7,6.4,,,,,,,IND,,,True
,,,,,0.2,,Levine Toilolo,,,,,,,30.7,TE,1.1,168.0,14.9,,,,,,,ATL,,,True
,,,,,,,Larry Donnell,,,,,,,,TE,,,,,,,,,,FA,,,True
,,,,,0.4,,Jonnu Smith,,,,,,,32.2,TE,1.3,171.0,16.2,,,,,,,TEN,,,True
,,,31.0,35.8,,,Stephen Gostkowski,,,,,,,142.8,K,,,,,,,,,,NE,49.9,,False
,,,31.8,35.1,,,Justin Tucker,,,,,,,130.0,K,,,,,,,,,,BAL,34.5,,False
,,,29.9,34.2,,,Matt Bryant,,,,,,,136.1,K,,,,,,,,,,ATL,46.5,,False
,,,28.3,32.6,,,Dan Bailey,,,,,,,128.2,K,,,,,,,,,,DAL,43.3,,False
,,,27.9,32.6,,,Mason Crosby,,,,,,,129.4,K,,,,,,,,,,GB,45.8,,False
,,,27.6,31.4,,,Adam Vinatieri,,,,,,,124.1,K,,,,,,,,,,IND,41.1,,False
,,,26.9,32.2,,,Will Lutz,,,,,,,127.0,K,,,,,,,,,,NO,46.4,,False
,,,28.0,32.1,,,Matt Prater,,,,,,,119.9,K,,,,,,,,,,DET,35.7,,False
,,,28.5,33.4,,,Cairo Santos,,,,,,,121.7,K,,,,,,,,,,KC,36.3,,False
,,,28.0,33.4,,,Sebastian Janikowski,,,,,,,124.1,K,,,,,,,,,,OAK,40.3,,False
,,,28.3,34.1,,,Dustin Hopkins,,,,,,,123.5,K,,,,,,,,,,WAS,38.6,,False
,,,28.1,33.8,,,Blair Walsh,,,,,,,121.7,K,,,,,,,,,,SEA,37.5,,False
,,,27.2,32.3,,,Brandon McManus,,,,,,,115.2,K,,,,,,,,,,DEN,33.6,,False
,,,27.0,31.6,,,Chris Boswell,,,,,,,120.0,K,,,,,,,,,,PIT,39.0,,False
,,,29.0,34.8,,,Graham Gano,,,,,,,125.6,K,,,,,,,,,,CAR,38.6,,False
,,,28.3,33.7,,,Caleb Sturgis,,,,,,,120.4,K,,,,,,,,,,PHI,35.5,,False
,,,25.9,30.4,,,Steven Hauschka,,,,,,,114.3,K,,,,,,,,,,BUF,36.7,,False
,,,25.4,29.7,,,Phil Dawson,,,,,,,118.2,K,,,,,,,,,,ARI,42.1,,False
,,,24.1,27.8,,,Ryan Succop,,,,,,,111.7,K,,,,,,,,,,TEN,39.3,,False
,,,26.5,31.8,,,Younghoe Koo,,,,,,,118.5,K,,,,,,,,,,LAC,39.1,,False
,,,27.9,33.7,,,Josh Lambo,,,,,,,122.7,K,,,,,,,,,,FA,39.0,,False
,,,24.9,29.3,,,Nick Folk,,,,,,,111.7,K,,,,,,,,,,TB,36.9,,False
,,,23.5,28.6,,,Chandler Catanzaro,,,,,,,98.7,K,,,,,,,,,,NYJ,28.3,,False
,,,14.0,16.0,,,Nick Novak,,,,,,,57.5,K,,,,,,,,,,FA,15.5,,False
,,,25.8,30.9,,,Randy Bullock,,,,,,,113.9,K,,,,,,,,,,CIN,36.4,,False
,,,26.6,30.4,,,Kai Forbath,,,,,,,113.6,K,,,,,,,,,,MIN,33.9,,False
,,,20.2,24.1,,,Aldrick Rosas,,,,,,,90.5,K,,,,,,,,,,NYG,29.8,,False
,,,,,,,Mike Nugent,,,,,,,,K,,,,,,,,,,FA,,,False
,,,27.5,32.9,,,Ka'imi Fairbairn,,,,,,,113.5,K,,,,,,,,,,HOU,31.1,,False
,,,26.2,31.4,,,Jason Myers,,,,,,,111.8,K,,,,,,,,,,JAC,33.2,,False
,,,,,,,Roberto Aguayo,,,,,,,,K,,,,,,,,,,FA,,,False
,,,,,,,Josh Brown,,,,,,,,K,,,,,,,,,,FA,,,False
,,,0.1,0.1,,,Harrison Butker,,,,,,,0.4,K,,,,,,,,,,CAR,0.1,,False
,,,21.9,26.9,,,Cody Parkey,,,,,,,100.2,K,,,,,,,,,,MIA,34.5,,False
,,,,,,,Dan Carpenter,,,,,,,,K,,,,,,,,,,FA,,,False
,,,12.0,14.0,,,Andrew Franks,,,,,,,54.0,K,,,,,,,,,,FA,18.0,,False
,,,22.6,27.4,,,Greg Zuerlein,,,,,,,96.4,K,,,,,,,,,,LAR,28.5,,False
,,,13.1,15.6,,,Jake Elliott,,,,,,,58.2,K,,,,,,,,,,PHI,19.1,,False
,,,23.7,27.4,,,Robbie Gould,,,,,,,102.2,K,,,,,,,,,,SF,31.0,,False
,,,23.1,28.8,,,Connor Barth,,,,,,,100.9,K,,,,,,,,,,CHI,31.7,,False
0.0,20.1,12.1,,,,15.4,Broncos,0.0,,,,,,120.2,DST,,,,,,,39.4,0.9,4.0,,,4951.5,False
0.0,19.8,12.2,,,,15.0,Cardinals,0.0,,,,,,118.1,DST,,,,,,,39.8,0.5,3.8,,,4908.7,False
0.0,17.1,11.3,,,,14.6,Seahawks,0.0,,,,,,115.6,DST,,,,,,,41.1,0.9,3.5,,,4975.3,False
0.0,19.9,12.3,,,,16.8,Chiefs,0.0,,,,,,115.0,DST,,,,,,,33.3,0.2,3.9,,,5557.1,False
0.0,18.6,10.7,,,,14.8,Vikings,0.0,,,,,,114.7,DST,,,,,,,40.9,0.5,3.6,,,5522.9,False
0.0,18.5,11.3,,,,15.4,Panthers,0.0,,,,,,114.3,DST,,,,,,,40.5,0.9,3.1,,,5501.3,False
0.0,16.6,10.6,,,,14.9,Texans,0.0,,,,,,113.9,DST,,,,,,,39.9,0.3,3.8,,,4943.4,False
0.0,20.1,11.6,,,,14.9,Eagles,0.0,,,,,,110.8,DST,,,,,,,34.2,0.9,3.6,,,5547.2,False
0.0,17.6,10.9,,,,14.9,Patriots,0.0,,,,,,110.6,DST,,,,,,,37.7,0.9,3.3,,,5220.4,False
0.0,18.8,11.1,,,,14.5,Buccaneers,0.0,,,,,,109.6,DST,,,,,,,37.6,0.5,3.3,,,5802.0,False
0.0,18.9,10.8,,,,15.8,Giants,0.0,,,,,,108.7,DST,,,,,,,35.0,0.6,3.2,,,5440.3,False
0.0,18.4,11.3,,,,14.4,Chargers,0.0,,,,,,108.0,DST,,,,,,,36.3,0.6,3.2,,,5459.2,False
0.0,16.5,9.9,,,,14.4,Jaguars,0.0,,,,,,108.0,DST,,,,,,,36.9,0.5,3.6,,,5346.1,False
0.0,19.0,11.3,,,,14.7,Steelers,0.0,,,,,,107.5,DST,,,,,,,37.8,0.2,2.9,,,5424.5,False
0.0,16.3,9.8,,,,15.3,Dolphins,0.0,,,,,,105.3,DST,,,,,,,34.2,0.9,3.2,,,5945.4,False
0.0,17.5,11.0,,,,14.8,Ravens,0.0,,,,,,105.3,DST,,,,,,,34.8,0.2,3.1,,,5171.6,False
0.0,15.4,8.7,,,,15.5,Packers,0.0,,,,,,104.8,DST,,,,,,,36.9,0.9,2.9,,,5703.5,False
0.0,16.3,9.0,,,,13.4,Titans,0.0,,,,,,104.0,DST,,,,,,,38.6,0.5,3.2,,,5471.0,False
0.0,18.2,11.1,,,,13.6,Rams,0.0,,,,,,103.8,DST,,,,,,,36.7,0.5,2.7,,,5396.3,False
0.0,14.4,9.2,,,,15.8,Bengals,0.0,,,,,,102.5,DST,,,,,,,35.5,0.2,2.7,,,5586.2,False
0.0,20.4,11.5,,,,14.6,Raiders,0.0,,,,,,102.0,DST,,,,,,,30.9,0.5,2.9,,,5861.0,False
0.0,18.6,11.0,,,,13.0,Redskins,0.0,,,,,,101.4,DST,,,,,,,35.9,0.5,2.8,,,5982.1,False
0.0,15.2,8.8,,,,14.0,Bills,0.0,,,,,,100.6,DST,,,,,,,36.5,0.2,3.0,,,5983.8,False
0.0,18.8,11.1,,,,13.0,Cowboys,0.0,,,,,,100.2,DST,,,,,,,33.7,0.5,2.9,,,5539.7,False
0.0,17.4,10.1,,,,13.0,Falcons,0.0,,,,,,99.6,DST,,,,,,,33.2,0.5,3.2,,,5868.5,False
0.0,17.9,9.5,,,,13.4,Colts,0.0,,,,,,96.8,DST,,,,,,,31.7,0.2,3.2,,,5901.4,False
0.0,17.0,9.5,,,,12.7,49ers,0.0,,,,,,92.7,DST,,,,,,,32.1,0.2,2.6,,,6078.5,False
0.0,13.6,8.1,,,,11.4,Bears,0.0,,,,,,90.4,DST,,,,,,,36.5,0.2,2.4,,,5713.9,False
0.0,15.3,8.4,,,,11.9,Lions,0.0,,,,,,90.2,DST,,,,,,,32.0,1.5,2.4,,,5939.7,False
0.0,18.7,10.8,,,,11.1,Saints,0.0,,,,,,88.8,DST,,,,,,,30.8,0.2,2.3,,,6190.9,False
0.0,16.1,8.9,,,,10.6,Jets,0.0,,,,,,86.9,DST,,,,,,,31.5,0.2,2.6,,,5625.1,False
0.0,13.9,7.8,,,,12.6,Browns,0.0,,,,,,86.1,DST,,,,,,,31.0,0.2,2.3,,,6017.1,False
